<?xml version='1.0' encoding='UTF-8'?>
<result plugin="junit@1.21">
  <suites>
    <suite>
      <file>/home/devops/.jenkins/workspace/00ExamJob/target/surefire-reports/TEST-com.qaagility.controller.AppTest.xml</file>
      <name>com.qaagility.controller.AppTest</name>
      <duration>0.099</duration>
      <time>0.099</time>
      <cases>
        <case>
          <duration>0.099</duration>
          <className>com.qaagility.controller.AppTest</className>
          <testName>testCalc</testName>
          <skipped>false</skipped>
          <failedSince>0</failedSince>
        </case>
        <case>
          <duration>0.043</duration>
          <className>com.qaagility.controller.AppTest</className>
          <testName>testCalc</testName>
          <skipped>false</skipped>
          <failedSince>0</failedSince>
        </case>
      </cases>
    </suite>
    <suite>
      <file>/home/devops/.jenkins/workspace/00ExamJob/target/surefire-reports/TEST-com.qaagility.javaee.AppTest.xml</file>
      <name>com.qaagility.javaee.AppTest</name>
      <duration>0.291</duration>
      <time>0.291</time>
      <cases>
        <case>
          <duration>0.214</duration>
          <className>com.qaagility.javaee.AppTest</className>
          <testName>testFast</testName>
          <skipped>false</skipped>
          <failedSince>0</failedSince>
        </case>
        <case>
          <duration>0.007</duration>
          <className>com.qaagility.javaee.AppTest</className>
          <testName>testSlow</testName>
          <skipped>false</skipped>
          <failedSince>0</failedSince>
        </case>
        <case>
          <duration>0.001</duration>
          <className>com.qaagility.javaee.AppTest</className>
          <testName>testSlower</testName>
          <skipped>false</skipped>
          <failedSince>0</failedSince>
        </case>
        <case>
          <duration>0.14</duration>
          <className>com.qaagility.javaee.AppTest</className>
          <testName>testFast</testName>
          <skipped>false</skipped>
          <failedSince>0</failedSince>
        </case>
        <case>
          <duration>0.001</duration>
          <className>com.qaagility.javaee.AppTest</className>
          <testName>testSlow</testName>
          <skipped>false</skipped>
          <failedSince>0</failedSince>
        </case>
        <case>
          <duration>0.001</duration>
          <className>com.qaagility.javaee.AppTest</className>
          <testName>testSlower</testName>
          <skipped>false</skipped>
          <failedSince>0</failedSince>
        </case>
      </cases>
    </suite>
  </suites>
  <duration>0.586</duration>
  <keepLongStdio>false</keepLongStdio>
</result>