<?xml version='1.0' encoding='UTF-8'?>
<result plugin="junit@1.21">
  <suites>
    <suite>
      <file>/home/devops/.jenkins/workspace/04PracticeProjectArtifactory/target/surefire-reports/TEST-com.qaagility.controller.AppTest.xml</file>
      <name>com.qaagility.controller.AppTest</name>
      <duration>0.036</duration>
      <time>0.036</time>
      <cases>
        <case>
          <duration>0.036</duration>
          <className>com.qaagility.controller.AppTest</className>
          <testName>testCalc</testName>
          <skipped>false</skipped>
          <failedSince>0</failedSince>
        </case>
        <case>
          <duration>0.016</duration>
          <className>com.qaagility.controller.AppTest</className>
          <testName>testCalc</testName>
          <skipped>false</skipped>
          <failedSince>0</failedSince>
        </case>
      </cases>
    </suite>
  </suites>
  <duration>0.052</duration>
  <keepLongStdio>false</keepLongStdio>
</result>